Sample File,Marker,Dye,Allele 1,Size 1,Height 1,Allele 2,Size 2,Height 2,Allele 3,Size 3,Height 3,Allele 4,Size 4,Height 4,Allele 5,Size 5,Height 5,Allele 6,Size 6,Height 6,Allele 7,Size 7,Height 7,Allele 8,Size 8,Height 8,Allele 9,Size 9,Height 9,Allele 10,Size 10,Height 10,Allele 11,Size 11,Height 11,Allele 12,Size 12,Height 12,Allele 13,Size 13,Height 13,Allele 14,Size 14,Height 14,Allele 15,Size 15,Height 15,Allele 16,Size 16,Height 16,Allele 17,Size 17,Height 17,Allele 18,Size 18,Height 18,Allele 19,Size 19,Height 19,Allele 20,Size 20,Height 20,Allele 21,Size 21,Height 21,Allele 22,Size 22,Height 22,Allele 23,Size 23,Height 23,Allele 24,Size 24,Height 24,Allele 25,Size 25,Height 25,Allele 26,Size 26,Height 26,Allele 27,Size 27,Height 27,Allele 28,Size 28,Height 28,Allele 29,Size 29,Height 29,Allele 30,Size 30,Height 30,Allele 31,Size 31,Height 31,Allele 32,Size 32,Height 32,Allele 33,Size 33,Height 33,Allele 34,Size 34,Height 34,Allele 35,Size 35,Height 35,Allele 36,Size 36,Height 36,Allele 37,Size 37,Height 37,Allele 38,Size 38,Height 38,Allele 39,Size 39,Height 39,Allele 40,Size 40,Height 40,Allele 41,Size 41,Height 41,Allele 42,Size 42,Height 42,Allele 43,Size 43,Height 43,Allele 44,Size 44,Height 44,Allele 45,Size 45,Height 45,Allele 46,Size 46,Height 46,Allele 47,Size 47,Height 47,Allele 48,Size 48,Height 48,Allele 49,Size 49,Height 49,Allele 50,Size 50,Height 50,Allele 51,Size 51,Height 51,Allele 52,Size 52,Height 52,Allele 53,Size 53,Height 53,Allele 54,Size 54,Height 54,Allele 55,Size 55,Height 55,Allele 56,Size 56,Height 56,Allele 57,Size 57,Height 57,Allele 58,Size 58,Height 58,Allele 59,Size 59,Height 59,Allele 60,Size 60,Height 60,Allele 61,Size 61,Height 61,Allele 62,Size 62,Height 62,Allele 63,Size 63,Height 63,Allele 64,Size 64,Height 64,Allele 65,Size 65,Height 65,Allele 66,Size 66,Height 66,Allele 67,Size 67,Height 67,Allele 68,Size 68,Height 68,Allele 69,Size 69,Height 69,Allele 70,Size 70,Height 70,Allele 71,Size 71,Height 71,Allele 72,Size 72,Height 72,Allele 73,Size 73,Height 73,Allele 74,Size 74,Height 74,Allele 75,Size 75,Height 75,Allele 76,Size 76,Height 76,Allele 77,Size 77,Height 77,Allele 78,Size 78,Height 78,Allele 79,Size 79,Height 79,Allele 80,Size 80,Height 80,Allele 81,Size 81,Height 81,Allele 82,Size 82,Height 82,Allele 83,Size 83,Height 83,Allele 84,Size 84,Height 84,Allele 85,Size 85,Height 85,Allele 86,Size 86,Height 86,Allele 87,Size 87,Height 87,Allele 88,Size 88,Height 88,Allele 89,Size 89,Height 89,Allele 90,Size 90,Height 90,Allele 91,Size 91,Height 91,Allele 92,Size 92,Height 92,Allele 93,Size 93,Height 93,Allele 94,Size 94,Height 94,Allele 95,Size 95,Height 95,Allele 96,Size 96,Height 96,Allele 97,Size 97,Height 97,Allele 98,Size 98,Height 98,Allele 99,Size 99,Height 99,Allele 100,Size 100,Height 100
A02-RD12-0002-35-0.5PP16-001.5sec.fsa,D3S1358,B,OL,94.68,5,OL,98.27,5,OL,98.92,4,OL,99.78,2,13,113.89,17,OL,116.05,1,14,118.13,205,15,122.28,2359,16,126.25,344,17,130.36,2870,18,134.41,74,,,,,,,,,,,,,,,,,,,,,,,,,,,,,,,,,,,,,,,,,,,,,,,,,,,,,,,,,,,,,,,,,,,,,,,,,,,,,,,,,,,,,,,,,,,,,,,,,,,,,,,,,,,,,,,,,,,,,,,,,,,,,,,,,,,,,,,,,,,,,,,,,,,,,,,,,,,,,,,,,,,,,,,,,,,,,,,,,,,,,,,,,,,,,,,,,,,,,,,,,,,,,,,,,,,,,,,,,,,,,,,,,,,,,,,,,,,,,,,,,,,,,,,,,,,,,,,,,,,,,,,,,,,
A02-RD12-0002-35-0.5PP16-001.5sec.fsa,TH01,B,OL,148.69,3,OL,151.3,15,5,156.06,7,OL,157.84,11,6,160.22,73,OL,161.18,17,7,164.21,3045,OL,167.02,8,OL,171.15,59,9,171.96,14,9.3,175.06,2608,OL,180.96,4,OL,184.06,5,OL,188.06,6,OL,189.83,5,OL,192.65,5,,,,,,,,,,,,,,,,,,,,,,,,,,,,,,,,,,,,,,,,,,,,,,,,,,,,,,,,,,,,,,,,,,,,,,,,,,,,,,,,,,,,,,,,,,,,,,,,,,,,,,,,,,,,,,,,,,,,,,,,,,,,,,,,,,,,,,,,,,,,,,,,,,,,,,,,,,,,,,,,,,,,,,,,,,,,,,,,,,,,,,,,,,,,,,,,,,,,,,,,,,,,,,,,,,,,,,,,,,,,,,,,,,,,,,,,,,,,,,,,,,,,,,,,,,,,
A02-RD12-0002-35-0.5PP16-001.5sec.fsa,D21S11,B,OL,195.84,7,23.2,197.03,3,25,202.61,9,26,206.57,171,26.2,208.52,9,27,210.62,2464,28,214.67,263,29,218.66,2436,30,222.81,39,37,251.53,4,37.2,253.22,3,OL,258.27,4,,,,,,,,,,,,,,,,,,,,,,,,,,,,,,,,,,,,,,,,,,,,,,,,,,,,,,,,,,,,,,,,,,,,,,,,,,,,,,,,,,,,,,,,,,,,,,,,,,,,,,,,,,,,,,,,,,,,,,,,,,,,,,,,,,,,,,,,,,,,,,,,,,,,,,,,,,,,,,,,,,,,,,,,,,,,,,,,,,,,,,,,,,,,,,,,,,,,,,,,,,,,,,,,,,,,,,,,,,,,,,,,,,,,,,,,,,,,,,,,,,,,,,,,,,,,,,,,,,,,,,,,
A02-RD12-0002-35-0.5PP16-001.5sec.fsa,D18S51,B,OL,285.51,4,OL,287.54,5,9.2,289.86,6,10,291.89,3,12,299.62,11,OL,301.06,5,OL,301.74,7,13,303.34,38,13.2,305.54,7,14,307.22,520,15,311.11,5569,16,315.01,125,17,318.84,734,18,322.77,6596,19,326.71,93,24,346.66,2,OL,353.29,5,,,,,,,,,,,,,,,,,,,,,,,,,,,,,,,,,,,,,,,,,,,,,,,,,,,,,,,,,,,,,,,,,,,,,,,,,,,,,,,,,,,,,,,,,,,,,,,,,,,,,,,,,,,,,,,,,,,,,,,,,,,,,,,,,,,,,,,,,,,,,,,,,,,,,,,,,,,,,,,,,,,,,,,,,,,,,,,,,,,,,,,,,,,,,,,,,,,,,,,,,,,,,,,,,,,,,,,,,,,,,,,,,,,,,,,,,,,,,,,,,,,,,,,,,
A02-RD12-0002-35-0.5PP16-001.5sec.fsa,Penta E,B,OL,369.36,3,OL,372.99,4,OL,381.39,7,OL,391.75,2,OL,393.26,5,OL,394.52,5,9,395.79,13,OL,398.02,3,OL,399.84,3,11,405.88,107,OL,408.29,14,12,410.86,3244,OL,414.69,2,13,415.71,5,OL,427.15,2,OL,433.95,3,OL,434.7,5,18,441.67,14,19,446.92,210,20,452.06,2800,21,456.74,12,22,462.37,4,24,471.66,2,24,472.38,3,OL,474.2,2,OL,479.21,3,,,,,,,,,,,,,,,,,,,,,,,,,,,,,,,,,,,,,,,,,,,,,,,,,,,,,,,,,,,,,,,,,,,,,,,,,,,,,,,,,,,,,,,,,,,,,,,,,,,,,,,,,,,,,,,,,,,,,,,,,,,,,,,,,,,,,,,,,,,,,,,,,,,,,,,,,,,,,,,,,,,,,,,,,,,,,,,,,,,,,,,,,,,,,,,,,,,,,,,,,,,,,,,,,,,,,,,,,,,,,,
A02-RD12-0002-35-0.5PP16-001.5sec.fsa,D5S818,G,7,111.37,4,OL,116.5,6,9,120.22,8,OL,123.09,60,11,128.3,378,12,132.42,4706,13,136.47,87,14,140.3,7,OL,146.54,6,OL,155.24,3,,,,,,,,,,,,,,,,,,,,,,,,,,,,,,,,,,,,,,,,,,,,,,,,,,,,,,,,,,,,,,,,,,,,,,,,,,,,,,,,,,,,,,,,,,,,,,,,,,,,,,,,,,,,,,,,,,,,,,,,,,,,,,,,,,,,,,,,,,,,,,,,,,,,,,,,,,,,,,,,,,,,,,,,,,,,,,,,,,,,,,,,,,,,,,,,,,,,,,,,,,,,,,,,,,,,,,,,,,,,,,,,,,,,,,,,,,,,,,,,,,,,,,,,,,,,,,,,,,,,,,,,,,,,,,
A02-RD12-0002-35-0.5PP16-001.5sec.fsa,D13S317,G,OL,167.53,3,OL,176.46,5,OL,177.35,8,OL,180.37,15,10,182.66,129,OL,183.77,22,11,186.65,2195,12,190.65,236,OL,191.76,36,13,194.65,2464,14,198.66,47,OL,201.27,4,15,203.06,37,,,,,,,,,,,,,,,,,,,,,,,,,,,,,,,,,,,,,,,,,,,,,,,,,,,,,,,,,,,,,,,,,,,,,,,,,,,,,,,,,,,,,,,,,,,,,,,,,,,,,,,,,,,,,,,,,,,,,,,,,,,,,,,,,,,,,,,,,,,,,,,,,,,,,,,,,,,,,,,,,,,,,,,,,,,,,,,,,,,,,,,,,,,,,,,,,,,,,,,,,,,,,,,,,,,,,,,,,,,,,,,,,,,,,,,,,,,,,,,,,,,,,,,,,,,,,,,,,,,,,
A02-RD12-0002-35-0.5PP16-001.5sec.fsa,D7S820,G,7,215.12,197,8,219.19,6169,9,223.26,46,OL,232.12,5,OL,234.32,12,OL,244.2,3,OL,248.93,2,,,,,,,,,,,,,,,,,,,,,,,,,,,,,,,,,,,,,,,,,,,,,,,,,,,,,,,,,,,,,,,,,,,,,,,,,,,,,,,,,,,,,,,,,,,,,,,,,,,,,,,,,,,,,,,,,,,,,,,,,,,,,,,,,,,,,,,,,,,,,,,,,,,,,,,,,,,,,,,,,,,,,,,,,,,,,,,,,,,,,,,,,,,,,,,,,,,,,,,,,,,,,,,,,,,,,,,,,,,,,,,,,,,,,,,,,,,,,,,,,,,,,,,,,,,,,,,,,,,,,,,,,,,,,,,,,,,,,,,
A02-RD12-0002-35-0.5PP16-001.5sec.fsa,D16S539,G,OL,259.8,45,OL,263.47,4,OL,265.77,2,OL,268.9,16,8,273.02,307,9,277.03,5732,OL,295.2,3,,,,,,,,,,,,,,,,,,,,,,,,,,,,,,,,,,,,,,,,,,,,,,,,,,,,,,,,,,,,,,,,,,,,,,,,,,,,,,,,,,,,,,,,,,,,,,,,,,,,,,,,,,,,,,,,,,,,,,,,,,,,,,,,,,,,,,,,,,,,,,,,,,,,,,,,,,,,,,,,,,,,,,,,,,,,,,,,,,,,,,,,,,,,,,,,,,,,,,,,,,,,,,,,,,,,,,,,,,,,,,,,,,,,,,,,,,,,,,,,,,,,,,,,,,,,,,,,,,,,,,,,,,,,,,,,,,,,,,,
A02-RD12-0002-35-0.5PP16-001.5sec.fsa,CSF1PO,G,OL,319.46,4,8,324.77,12,9,328.88,240,10,332.91,3807,11,337.02,61,12,341.06,217,13,345.1,2614,14,349.22,51,,,,,,,,,,,,,,,,,,,,,,,,,,,,,,,,,,,,,,,,,,,,,,,,,,,,,,,,,,,,,,,,,,,,,,,,,,,,,,,,,,,,,,,,,,,,,,,,,,,,,,,,,,,,,,,,,,,,,,,,,,,,,,,,,,,,,,,,,,,,,,,,,,,,,,,,,,,,,,,,,,,,,,,,,,,,,,,,,,,,,,,,,,,,,,,,,,,,,,,,,,,,,,,,,,,,,,,,,,,,,,,,,,,,,,,,,,,,,,,,,,,,,,,,,,,,,,,,,,,,,,,,,,,,,,,,,,,,
A02-RD12-0002-35-0.5PP16-001.5sec.fsa,Penta D,G,OL,368.82,4,3.2,372.06,2,OL,373.07,4,OL,375.55,11,OL,381.94,4,OL,387.56,7,OL,390.8,22,OL,392.07,28,OL,393.34,4,OL,396.9,6,OL,400.62,44,OL,401.78,26,10,404.41,49,11,409.22,3491,12,413.99,106,OL,415.71,7,13,418.77,3026,14,423.58,11,OL,425.58,7,OL,426.9,18,15,428.39,3,OL,429.89,5,OL,432.21,6,,,,,,,,,,,,,,,,,,,,,,,,,,,,,,,,,,,,,,,,,,,,,,,,,,,,,,,,,,,,,,,,,,,,,,,,,,,,,,,,,,,,,,,,,,,,,,,,,,,,,,,,,,,,,,,,,,,,,,,,,,,,,,,,,,,,,,,,,,,,,,,,,,,,,,,,,,,,,,,,,,,,,,,,,,,,,,,,,,,,,,,,,,,,,,,,,,,,,,,,,,,,,,,,,,,,,,,,,,,,,,,,,,,,,,,
A02-RD12-0002-35-0.5PP16-001.5sec.fsa,AMEL,Y,X,103.53,2988,OL,105.82,11,Y,109.52,3148,,,,,,,,,,,,,,,,,,,,,,,,,,,,,,,,,,,,,,,,,,,,,,,,,,,,,,,,,,,,,,,,,,,,,,,,,,,,,,,,,,,,,,,,,,,,,,,,,,,,,,,,,,,,,,,,,,,,,,,,,,,,,,,,,,,,,,,,,,,,,,,,,,,,,,,,,,,,,,,,,,,,,,,,,,,,,,,,,,,,,,,,,,,,,,,,,,,,,,,,,,,,,,,,,,,,,,,,,,,,,,,,,,,,,,,,,,,,,,,,,,,,,,,,,,,,,,,,,,,,,,,,,,,,,,,,,,,,,,,,,,,,,,,,,,,
A02-RD12-0002-35-0.5PP16-001.5sec.fsa,vWA,Y,OL,121.03,9,13,134.11,19,OL,135.36,3,14,138.16,177,15,142.23,2406,16,146.17,33,17,150.26,245,18,154.27,2259,19,158.36,25,OL,160.96,6,OL,167.02,4,22,170.34,2,OL,172.92,5,OL,175.94,4,OL,180.74,6,OL,183.47,3,,,,,,,,,,,,,,,,,,,,,,,,,,,,,,,,,,,,,,,,,,,,,,,,,,,,,,,,,,,,,,,,,,,,,,,,,,,,,,,,,,,,,,,,,,,,,,,,,,,,,,,,,,,,,,,,,,,,,,,,,,,,,,,,,,,,,,,,,,,,,,,,,,,,,,,,,,,,,,,,,,,,,,,,,,,,,,,,,,,,,,,,,,,,,,,,,,,,,,,,,,,,,,,,,,,,,,,,,,,,,,,,,,,,,,,,,,,,,,,,,,,,,,,,,,,,
A02-RD12-0002-35-0.5PP16-001.5sec.fsa,D8S1179,Y,OL,207.77,8,11,217.91,8,12,221.75,107,OL,222.81,12,13,225.76,2259,14,229.77,3341,15,233.79,95,OL,251.46,27,,,,,,,,,,,,,,,,,,,,,,,,,,,,,,,,,,,,,,,,,,,,,,,,,,,,,,,,,,,,,,,,,,,,,,,,,,,,,,,,,,,,,,,,,,,,,,,,,,,,,,,,,,,,,,,,,,,,,,,,,,,,,,,,,,,,,,,,,,,,,,,,,,,,,,,,,,,,,,,,,,,,,,,,,,,,,,,,,,,,,,,,,,,,,,,,,,,,,,,,,,,,,,,,,,,,,,,,,,,,,,,,,,,,,,,,,,,,,,,,,,,,,,,,,,,,,,,,,,,,,,,,,,,,,,,,,,,,
A02-RD12-0002-35-0.5PP16-001.5sec.fsa,TPOX,Y,OL,256.36,20,OL,259.04,22,OL,263.25,23,8,268.97,93,9,273.02,2719,11,280.86,2477,12,284.83,14,13,288.36,3,OL,293.39,2,OL,295.57,4,OL,300.91,6,,,,,,,,,,,,,,,,,,,,,,,,,,,,,,,,,,,,,,,,,,,,,,,,,,,,,,,,,,,,,,,,,,,,,,,,,,,,,,,,,,,,,,,,,,,,,,,,,,,,,,,,,,,,,,,,,,,,,,,,,,,,,,,,,,,,,,,,,,,,,,,,,,,,,,,,,,,,,,,,,,,,,,,,,,,,,,,,,,,,,,,,,,,,,,,,,,,,,,,,,,,,,,,,,,,,,,,,,,,,,,,,,,,,,,,,,,,,,,,,,,,,,,,,,,,,,,,,,,,,,,,,,,,
A02-RD12-0002-35-0.5PP16-001.5sec.fsa,FGA,Y,OL,305.85,5,OL,312.94,5,16,320.07,7,17,324.08,3,OL,325.39,3,OL,330.97,6,20,336.25,41,21,340.29,237,22,344.33,2544,23,348.44,29,24,352.6,45,25,356.59,247,26,360.59,1992,27,364.66,59,OL,369.52,4,30,376.26,6,OL,377.84,3,OL,400,6,OL,401.08,5,OL,401.93,4,OL,404.95,6,OL,406.89,4,OL,408.52,7,OL,409.85,10,OL,413.28,5,OL,415.55,4,OL,428.06,4,OL,445.08,4,,,,,,,,,,,,,,,,,,,,,,,,,,,,,,,,,,,,,,,,,,,,,,,,,,,,,,,,,,,,,,,,,,,,,,,,,,,,,,,,,,,,,,,,,,,,,,,,,,,,,,,,,,,,,,,,,,,,,,,,,,,,,,,,,,,,,,,,,,,,,,,,,,,,,,,,,,,,,,,,,,,,,,,,,,,,,,,,,,,,,,,,,,,,,,,,,,,,,,,,,,,,,,,,,,,,,,,,
A03-RD12-0002-36-0.25PP16-001.5sec.fsa,D3S1358,B,OL,101.25,5,OL,101.99,5,OL,108.88,17,OL,112.08,4,13,113.94,81,14,118.2,1141,15,122.29,26,16,126.57,16,17,130.7,177,18,134.76,1519,19,138.82,19,OL,145.28,3,OL,147.28,6,OL,148.47,4,,,,,,,,,,,,,,,,,,,,,,,,,,,,,,,,,,,,,,,,,,,,,,,,,,,,,,,,,,,,,,,,,,,,,,,,,,,,,,,,,,,,,,,,,,,,,,,,,,,,,,,,,,,,,,,,,,,,,,,,,,,,,,,,,,,,,,,,,,,,,,,,,,,,,,,,,,,,,,,,,,,,,,,,,,,,,,,,,,,,,,,,,,,,,,,,,,,,,,,,,,,,,,,,,,,,,,,,,,,,,,,,,,,,,,,,,,,,,,,,,,,,,,,,,,,,,,,,,,
A03-RD12-0002-36-0.25PP16-001.5sec.fsa,TH01,B,OL,148.47,4,5,156.21,28,6,160.22,1694,7,163.92,3,OL,166.51,3,OL,171.11,27,9.3,175.03,1006,OL,181.19,5,OL,188.64,3,OL,189.16,2,OL,190.28,4,,,,,,,,,,,,,,,,,,,,,,,,,,,,,,,,,,,,,,,,,,,,,,,,,,,,,,,,,,,,,,,,,,,,,,,,,,,,,,,,,,,,,,,,,,,,,,,,,,,,,,,,,,,,,,,,,,,,,,,,,,,,,,,,,,,,,,,,,,,,,,,,,,,,,,,,,,,,,,,,,,,,,,,,,,,,,,,,,,,,,,,,,,,,,,,,,,,,,,,,,,,,,,,,,,,,,,,,,,,,,,,,,,,,,,,,,,,,,,,,,,,,,,,,,,,,,,,,,,,,,,,,,,,
A03-RD12-0002-36-0.25PP16-001.5sec.fsa,D21S11,B,OL,205.39,3,27,210.58,95,28,214.65,1171,29,218.72,150,29.2,220.69,5,30,222.73,1250,33.2,236.52,5,OL,241.56,3,36,247.24,6,OL,254.15,3,39,258.76,3,,,,,,,,,,,,,,,,,,,,,,,,,,,,,,,,,,,,,,,,,,,,,,,,,,,,,,,,,,,,,,,,,,,,,,,,,,,,,,,,,,,,,,,,,,,,,,,,,,,,,,,,,,,,,,,,,,,,,,,,,,,,,,,,,,,,,,,,,,,,,,,,,,,,,,,,,,,,,,,,,,,,,,,,,,,,,,,,,,,,,,,,,,,,,,,,,,,,,,,,,,,,,,,,,,,,,,,,,,,,,,,,,,,,,,,,,,,,,,,,,,,,,,,,,,,,,,,,,,,,,,,,,,,
A03-RD12-0002-36-0.25PP16-001.5sec.fsa,D18S51,B,OL,281.72,13,OL,282.7,13,OL,283.76,16,9,288.07,8,11,295.62,15,OL,297.73,10,12,299.55,264,13,303.43,4493,14,307.24,2234,15,311.07,16,OL,329.52,4,OL,341.78,4,23,342.57,4,OL,345.46,9,OL,361.28,4,,,,,,,,,,,,,,,,,,,,,,,,,,,,,,,,,,,,,,,,,,,,,,,,,,,,,,,,,,,,,,,,,,,,,,,,,,,,,,,,,,,,,,,,,,,,,,,,,,,,,,,,,,,,,,,,,,,,,,,,,,,,,,,,,,,,,,,,,,,,,,,,,,,,,,,,,,,,,,,,,,,,,,,,,,,,,,,,,,,,,,,,,,,,,,,,,,,,,,,,,,,,,,,,,,,,,,,,,,,,,,,,,,,,,,,,,,,,,,,,,,,,,,,,,,,,,,,
A03-RD12-0002-36-0.25PP16-001.5sec.fsa,Penta E,B,OL,369.49,3,OL,381.96,4,OL,384.34,11,OL,388.47,5,OL,389.58,5,OL,391.25,9,9,395.86,81,10,400.85,4408,OL,410.06,6,OL,411.78,4,OL,450.08,3,OL,462.89,3,OL,463.69,3,OL,465.52,3,OL,475,4,,,,,,,,,,,,,,,,,,,,,,,,,,,,,,,,,,,,,,,,,,,,,,,,,,,,,,,,,,,,,,,,,,,,,,,,,,,,,,,,,,,,,,,,,,,,,,,,,,,,,,,,,,,,,,,,,,,,,,,,,,,,,,,,,,,,,,,,,,,,,,,,,,,,,,,,,,,,,,,,,,,,,,,,,,,,,,,,,,,,,,,,,,,,,,,,,,,,,,,,,,,,,,,,,,,,,,,,,,,,,,,,,,,,,,,,,,,,,,,,,,,,,,,,,,,,,,,
A03-RD12-0002-36-0.25PP16-001.5sec.fsa,D5S818,G,7,111.56,3,8,115.81,53,9,120,702,10,124.21,101,11,128.34,1320,12,132.4,18,OL,156.65,6,,,,,,,,,,,,,,,,,,,,,,,,,,,,,,,,,,,,,,,,,,,,,,,,,,,,,,,,,,,,,,,,,,,,,,,,,,,,,,,,,,,,,,,,,,,,,,,,,,,,,,,,,,,,,,,,,,,,,,,,,,,,,,,,,,,,,,,,,,,,,,,,,,,,,,,,,,,,,,,,,,,,,,,,,,,,,,,,,,,,,,,,,,,,,,,,,,,,,,,,,,,,,,,,,,,,,,,,,,,,,,,,,,,,,,,,,,,,,,,,,,,,,,,,,,,,,,,,,,,,,,,,,,,,,,,,,,,,,,,
A03-RD12-0002-36-0.25PP16-001.5sec.fsa,D13S317,G,OL,169.18,6,7,170.44,7,OL,175.77,16,9,178.59,1271,10,182.68,66,OL,183.72,11,11,186.62,915,12,190.65,15,OL,192.22,2,14,198.35,4,OL,200.07,4,OL,200.67,1,OL,202.02,3,15,203.07,4,,,,,,,,,,,,,,,,,,,,,,,,,,,,,,,,,,,,,,,,,,,,,,,,,,,,,,,,,,,,,,,,,,,,,,,,,,,,,,,,,,,,,,,,,,,,,,,,,,,,,,,,,,,,,,,,,,,,,,,,,,,,,,,,,,,,,,,,,,,,,,,,,,,,,,,,,,,,,,,,,,,,,,,,,,,,,,,,,,,,,,,,,,,,,,,,,,,,,,,,,,,,,,,,,,,,,,,,,,,,,,,,,,,,,,,,,,,,,,,,,,,,,,,,,,,,,,,,,,
A03-RD12-0002-36-0.25PP16-001.5sec.fsa,D7S820,G,OL,220.53,4,OL,224.39,8,10,227.28,1131,11,231.32,1355,12,235.52,26,13,239.8,2,OL,247.77,3,,,,,,,,,,,,,,,,,,,,,,,,,,,,,,,,,,,,,,,,,,,,,,,,,,,,,,,,,,,,,,,,,,,,,,,,,,,,,,,,,,,,,,,,,,,,,,,,,,,,,,,,,,,,,,,,,,,,,,,,,,,,,,,,,,,,,,,,,,,,,,,,,,,,,,,,,,,,,,,,,,,,,,,,,,,,,,,,,,,,,,,,,,,,,,,,,,,,,,,,,,,,,,,,,,,,,,,,,,,,,,,,,,,,,,,,,,,,,,,,,,,,,,,,,,,,,,,,,,,,,,,,,,,,,,,,,,,,,,,
A03-RD12-0002-36-0.25PP16-001.5sec.fsa,D16S539,G,OL,259.91,60,OL,263.98,31,OL,267.42,3,OL,271.86,4,OL,275.91,3,10,280.97,306,11,285.05,3944,12,289.05,66,OL,298.49,3,OL,304.34,11,,,,,,,,,,,,,,,,,,,,,,,,,,,,,,,,,,,,,,,,,,,,,,,,,,,,,,,,,,,,,,,,,,,,,,,,,,,,,,,,,,,,,,,,,,,,,,,,,,,,,,,,,,,,,,,,,,,,,,,,,,,,,,,,,,,,,,,,,,,,,,,,,,,,,,,,,,,,,,,,,,,,,,,,,,,,,,,,,,,,,,,,,,,,,,,,,,,,,,,,,,,,,,,,,,,,,,,,,,,,,,,,,,,,,,,,,,,,,,,,,,,,,,,,,,,,,,,,,,,,,,,,,,,,,,
A03-RD12-0002-36-0.25PP16-001.5sec.fsa,CSF1PO,G,OL,314.6,5,6,316.44,6,OL,322.6,10,OL,323.69,6,OL,326.33,3,9,328.9,68,OL,330.07,9,10,332.96,1358,11,337.02,1593,12,340.85,20,OL,352.55,4,OL,355.79,4,,,,,,,,,,,,,,,,,,,,,,,,,,,,,,,,,,,,,,,,,,,,,,,,,,,,,,,,,,,,,,,,,,,,,,,,,,,,,,,,,,,,,,,,,,,,,,,,,,,,,,,,,,,,,,,,,,,,,,,,,,,,,,,,,,,,,,,,,,,,,,,,,,,,,,,,,,,,,,,,,,,,,,,,,,,,,,,,,,,,,,,,,,,,,,,,,,,,,,,,,,,,,,,,,,,,,,,,,,,,,,,,,,,,,,,,,,,,,,,,,,,,,,,,,,,,,,,,,,,,,,,,
A03-RD12-0002-36-0.25PP16-001.5sec.fsa,Penta D,G,OL,392.04,25,OL,393.39,5,10,404.43,56,OL,406.3,12,11,409.19,1382,12,413.75,8,OL,415.01,11,13,418.8,28,14,423.57,1184,15,428.6,9,OL,437.56,3,,,,,,,,,,,,,,,,,,,,,,,,,,,,,,,,,,,,,,,,,,,,,,,,,,,,,,,,,,,,,,,,,,,,,,,,,,,,,,,,,,,,,,,,,,,,,,,,,,,,,,,,,,,,,,,,,,,,,,,,,,,,,,,,,,,,,,,,,,,,,,,,,,,,,,,,,,,,,,,,,,,,,,,,,,,,,,,,,,,,,,,,,,,,,,,,,,,,,,,,,,,,,,,,,,,,,,,,,,,,,,,,,,,,,,,,,,,,,,,,,,,,,,,,,,,,,,,,,,,,,,,,,,,
A03-RD12-0002-36-0.25PP16-001.5sec.fsa,AMEL,Y,X,103.55,3098,,,,,,,,,,,,,,,,,,,,,,,,,,,,,,,,,,,,,,,,,,,,,,,,,,,,,,,,,,,,,,,,,,,,,,,,,,,,,,,,,,,,,,,,,,,,,,,,,,,,,,,,,,,,,,,,,,,,,,,,,,,,,,,,,,,,,,,,,,,,,,,,,,,,,,,,,,,,,,,,,,,,,,,,,,,,,,,,,,,,,,,,,,,,,,,,,,,,,,,,,,,,,,,,,,,,,,,,,,,,,,,,,,,,,,,,,,,,,,,,,,,,,,,,,,,,,,,,,,,,,,,,,,,,,,,,,,,,,,,,,,,,,,,,,,,,,,,,,
A03-RD12-0002-36-0.25PP16-001.5sec.fsa,vWA,Y,OL,121.62,4,11,126.13,6,15,142.01,9,16,146.24,95,17,150.26,1085,18,154.27,1203,OL,156.8,3,19,158.29,17,OL,160.89,5,OL,180.97,8,OL,182.23,4,,,,,,,,,,,,,,,,,,,,,,,,,,,,,,,,,,,,,,,,,,,,,,,,,,,,,,,,,,,,,,,,,,,,,,,,,,,,,,,,,,,,,,,,,,,,,,,,,,,,,,,,,,,,,,,,,,,,,,,,,,,,,,,,,,,,,,,,,,,,,,,,,,,,,,,,,,,,,,,,,,,,,,,,,,,,,,,,,,,,,,,,,,,,,,,,,,,,,,,,,,,,,,,,,,,,,,,,,,,,,,,,,,,,,,,,,,,,,,,,,,,,,,,,,,,,,,,,,,,,,,,,,,,
A03-RD12-0002-36-0.25PP16-001.5sec.fsa,D8S1179,Y,8,206,4,10,213.82,6,11,217.74,12,12,221.74,132,13,225.76,1340,14,229.72,1281,OL,232.09,3,15,233.84,10,OL,246.47,3,OL,251,6,,,,,,,,,,,,,,,,,,,,,,,,,,,,,,,,,,,,,,,,,,,,,,,,,,,,,,,,,,,,,,,,,,,,,,,,,,,,,,,,,,,,,,,,,,,,,,,,,,,,,,,,,,,,,,,,,,,,,,,,,,,,,,,,,,,,,,,,,,,,,,,,,,,,,,,,,,,,,,,,,,,,,,,,,,,,,,,,,,,,,,,,,,,,,,,,,,,,,,,,,,,,,,,,,,,,,,,,,,,,,,,,,,,,,,,,,,,,,,,,,,,,,,,,,,,,,,,,,,,,,,,,,,,,,,
A03-RD12-0002-36-0.25PP16-001.5sec.fsa,TPOX,Y,OL,255.23,12,OL,258.91,12,OL,261.98,10,OL,266.35,3,8,269.26,7,9,273.01,67,10,276.96,1968,11,280.89,1311,OL,286.56,4,OL,295.24,5,OL,301.06,11,OL,301.75,8,,,,,,,,,,,,,,,,,,,,,,,,,,,,,,,,,,,,,,,,,,,,,,,,,,,,,,,,,,,,,,,,,,,,,,,,,,,,,,,,,,,,,,,,,,,,,,,,,,,,,,,,,,,,,,,,,,,,,,,,,,,,,,,,,,,,,,,,,,,,,,,,,,,,,,,,,,,,,,,,,,,,,,,,,,,,,,,,,,,,,,,,,,,,,,,,,,,,,,,,,,,,,,,,,,,,,,,,,,,,,,,,,,,,,,,,,,,,,,,,,,,,,,,,,,,,,,,,,,,,,,,,
A03-RD12-0002-36-0.25PP16-001.5sec.fsa,FGA,Y,OL,305.79,5,OL,312.52,3,OL,313.67,2,OL,318.52,4,18,328.12,21,19,332.02,85,20,336.16,1243,21,340.46,31,22,344.36,107,23,348.43,1118,24,352.39,11,26.2,362.75,3,31.2,382.92,4,OL,387.28,2,OL,394.43,4,OL,396.02,5,OL,415.72,4,OL,424.68,5,OL,430.52,4,47.2,448.65,3,OL,449.92,5,,,,,,,,,,,,,,,,,,,,,,,,,,,,,,,,,,,,,,,,,,,,,,,,,,,,,,,,,,,,,,,,,,,,,,,,,,,,,,,,,,,,,,,,,,,,,,,,,,,,,,,,,,,,,,,,,,,,,,,,,,,,,,,,,,,,,,,,,,,,,,,,,,,,,,,,,,,,,,,,,,,,,,,,,,,,,,,,,,,,,,,,,,,,,,,,,,,,,,,,,,,,,,,,,,,,,,,,,,,,,,,,,,,,,,,,,,,,,
A04-RD12-0002-37-0.25PP16-001.5sec.fsa,D3S1358,B,OL,100.59,4,13,113.97,92,14,118.21,1465,OL,120.15,3,15,122.34,1557,16,126.37,17,OL,141.26,3,OL,147.48,9,,,,,,,,,,,,,,,,,,,,,,,,,,,,,,,,,,,,,,,,,,,,,,,,,,,,,,,,,,,,,,,,,,,,,,,,,,,,,,,,,,,,,,,,,,,,,,,,,,,,,,,,,,,,,,,,,,,,,,,,,,,,,,,,,,,,,,,,,,,,,,,,,,,,,,,,,,,,,,,,,,,,,,,,,,,,,,,,,,,,,,,,,,,,,,,,,,,,,,,,,,,,,,,,,,,,,,,,,,,,,,,,,,,,,,,,,,,,,,,,,,,,,,,,,,,,,,,,,,,,,,,,,,,,,,,,,,,,
A04-RD12-0002-37-0.25PP16-001.5sec.fsa,TH01,B,5,156.22,30,OL,157.18,10,6,160.22,1583,7,164.19,1414,OL,174.12,4,OL,177.28,2,11,180.44,3,OL,183.02,3,OL,185.45,2,,,,,,,,,,,,,,,,,,,,,,,,,,,,,,,,,,,,,,,,,,,,,,,,,,,,,,,,,,,,,,,,,,,,,,,,,,,,,,,,,,,,,,,,,,,,,,,,,,,,,,,,,,,,,,,,,,,,,,,,,,,,,,,,,,,,,,,,,,,,,,,,,,,,,,,,,,,,,,,,,,,,,,,,,,,,,,,,,,,,,,,,,,,,,,,,,,,,,,,,,,,,,,,,,,,,,,,,,,,,,,,,,,,,,,,,,,,,,,,,,,,,,,,,,,,,,,,,,,,,,,,,,,,,,,,,,
A04-RD12-0002-37-0.25PP16-001.5sec.fsa,D21S11,B,26,206.55,2,27,211.11,5,27.2,212.23,4,28,214.55,11,29,218.6,164,30,222.66,1291,30.2,224.77,6,31,226.74,1375,32,230.76,72,33,234.93,14,,,,,,,,,,,,,,,,,,,,,,,,,,,,,,,,,,,,,,,,,,,,,,,,,,,,,,,,,,,,,,,,,,,,,,,,,,,,,,,,,,,,,,,,,,,,,,,,,,,,,,,,,,,,,,,,,,,,,,,,,,,,,,,,,,,,,,,,,,,,,,,,,,,,,,,,,,,,,,,,,,,,,,,,,,,,,,,,,,,,,,,,,,,,,,,,,,,,,,,,,,,,,,,,,,,,,,,,,,,,,,,,,,,,,,,,,,,,,,,,,,,,,,,,,,,,,,,,,,,,,,,,,,,,,,
A04-RD12-0002-37-0.25PP16-001.5sec.fsa,D18S51,B,OL,278.98,5,OL,282.2,9,9,287.68,7,9.2,290.31,7,10,291.81,14,10.2,293.99,7,11,295.72,167,12,299.55,3348,13,303.41,18,15,311,2,16,315.2,4,18,322.85,28,19,326.7,263,20,330.64,1770,21,334.58,20,OL,349.61,2,25,350.69,3,,,,,,,,,,,,,,,,,,,,,,,,,,,,,,,,,,,,,,,,,,,,,,,,,,,,,,,,,,,,,,,,,,,,,,,,,,,,,,,,,,,,,,,,,,,,,,,,,,,,,,,,,,,,,,,,,,,,,,,,,,,,,,,,,,,,,,,,,,,,,,,,,,,,,,,,,,,,,,,,,,,,,,,,,,,,,,,,,,,,,,,,,,,,,,,,,,,,,,,,,,,,,,,,,,,,,,,,,,,,,,,,,,,,,,,,,,,,,,,,,,,,,,,,,
